{
   "contentMaxSize": 100,
   "description": "WS-Federation post response",
   "id": {
      "component": "wsf",
      "name": "wsf_post_response",
      "revision": 1
   },
   "isServiceTemplate": false,
   "parameters": {
      "optional": [
         {
            "default": null,
            "description": "The form action.",
            "key": "@ACTION@"
         },
         {
            "default": null,
            "description": "The ID of the registered template theme.",
            "key": "@THEME_ID@"
         },
         {
            "default": null,
            "description": "The HTML that contains the header of the web page. This code can be modified by customizing the header.html common template.",
            "key": "@PAGE_HEADER@"
         }
      ],
      "required": [
         {
            "description": "The security token response.",
            "key": "@WRESULT@"
         },
         {
            "description": "The current timestamp.",
            "key": "@WCT@"
         },
         {
            "description": "The security token context.",
            "key": "@WCTX@"
         },
         {
            "description": "The security token context disabled.",
            "key": "@WCTX_DISABLED@"
         },
         {
            "description": "The security token action.",
            "key": "@WA@"
         }
      ]
   }
}