{
   "contentMaxSize": 100,
   "description": "E-mail sent to all the reviewers when a new campaign has been started",
   "id": {
      "component": "certmgr",
      "name": "email_certmgr_newcampaign_to_supervisors",
      "revision": 2
   },
   "isServiceTemplate": false,
   "parameters": {
      "optional": [
         {
            "default": null,
            "description": "Hyperlink to USC for accessing the campaign for the supervisor",
            "key": "@USC.HYPERLINK@"
         },
         {
            "default": null,
            "description": "Deprecated (use @USC.HYPERLINK@ instead): Hyperlink to USC for executing the review",
            "key": "@USC.HYPELINK@"
         },
         {
            "default": null,
            "description": "The name of the campaign",
            "key": "@CERTIFICATION.NAME@"
         },
         {
            "default": null,
            "description": "The ID of the campaign",
            "key": "@CERTIFICATION.ID@"
         },
         {
            "default": null,
            "description": "The starting date of the campaign",
            "key": "@CERTIFICATION.STARTDATE@"
         },
         {
            "default": null,
            "description": "The end date of the campaign",
            "key": "@CERTIFICATION.ENDDATE@"
         },
         {
            "default": null,
            "description": "The type of the campaign",
            "key": "@CERTIFICATION.TYPE@"
         }
      ],
      "required": [
      ]
   }
}