{
   "contentMaxSize": 100,
   "description": "This page is displayed when user is not able to log in.",
   "id": {
      "component": "authbroker",
      "name": "login_error",
      "revision": 10
   },
   "isServiceTemplate": false,
   "parameters": {
      "optional": [
         {
            "default": null,
            "description": "The timestamp when the error occurs.",
            "key": "@TIMESTAMP@"
         },
         {
            "default": null,
            "description": "The exception message if any.",
            "key": "@EXCEPTION_MSG@"
         },
         {
            "default": null,
            "description": "The Requested IP Address if any.",
            "key": "@REQ_ADDR@"
         },
         {
            "default": null,
            "description": "The Login URL if any",
            "key": "@IDAAS_LOGIN_URL@"
         },
         {
            "default": null,
            "description": "The ID of the registered template theme.",
            "key": "@THEME_ID@"
         },
         {
            "default": null,
            "description": "The HTML that contains the header of the web page. This code can be modified by customizing the header.html common template.",
            "key": "@PAGE_HEADER@"
         },
         {
            "default": null,
            "description": "The HTML that contains the footer of the page. This code can be modified by customizing the footer.html common template.",
            "key": "@PAGE_FOOTER@"
         },
         {
            "default": null,
            "description": "The username of the user attempting to login.",
            "key": "@PROVIDED_PREFERRED_USERNAME@"
         },
         {
            "default": null,
            "description": "The given name of the user attempting to login.",
            "key": "@PROVIDED_GIVEN_NAME@"
         },
         {
            "default": null,
            "description": "The last name of the user attempting to login.",
            "key": "@PROVIDED_FAMILY_NAME@"
         },
         {
            "default": null,
            "description": "The email of the user attempting to login.",
            "key": "@PROVIDED_EMAIL@"
         }
      ],
      "required": [
         {
            "description": "The detailed error message.",
            "key": "@ERROR_MESSAGE@"
         },
         {
            "description": "The locale of the current template page.",
            "key": "@LOCALE@"
         }
      ]
   }
}