{
   "contentMaxSize": 100,
   "description": "A page to display the user code input form for OIDC device flow.",
   "id": {
      "component": "oidc",
      "name": "user_authorize_input",
      "revision": 7
   },
   "isServiceTemplate": false,
   "parameters": {
      "optional": [
         {
            "default": null,
            "description": "The ID of the registered template theme.",
            "key": "@THEME_ID@"
         },
         {
            "default": null,
            "description": "The HTML that contains the header of the page. This code can be modified by customizing the header.html common template.",
            "key": "@PAGE_HEADER@"
         },
         {
            "default": null,
            "description": "The HTML that contains the footer of the page. This code can be modified by customizing the footer.html common template.",
            "key": "@PAGE_FOOTER@"
         }
      ],
      "required": [
         {
            "description": "The form post target URL to send the user code for device flow.",
            "key": "@ACTION@"
         }
      ]
   }
}