{
   "contentMaxSize": 100,
   "description": "A Page to get the Unique User Identifier.",
   "id": {
      "component": "authbroker",
      "name": "identitylinking_uid",
      "revision": 3
   },
   "isServiceTemplate": false,
   "parameters": {
      "optional": [
         {
            "default": null,
            "description": "The error message if any.",
            "key": "@ERRMSG@"
         },
         {
            "default": null,
            "description": "The ID of the registered template theme.",
            "key": "@THEME_ID@"
         },
         {
            "default": null,
            "description": "The HTML that contains the header of the web page. This code can be modified by customizing the header.html common template.",
            "key": "@PAGE_HEADER@"
         },
         {
            "default": null,
            "description": "The HTML that contains the footer of the page. This code can be modified by customizing the footer.html common template.",
            "key": "@PAGE_FOOTER@"
         }
      ],
      "required": [
         {
            "description": "The form action URL.",
            "key": "@IDENTITYLINKING_FORM_ACTION_URL@"
         },
         {
            "description": "The name of the attribute passed in the form.",
            "key": "@ATTRVALUE@"
         },
         {
            "description": "Deprecated. Not used",
            "key": "@LABEL_TITLE@"
         }
      ]
   }
}