{
   "contentMaxSize": 100,
   "description": "The password recovery email delivery format.",
   "id": {
      "component": "factors",
      "name": "EmailNotification",
      "revision": 6
   },
   "isServiceTemplate": false,
   "parameters": {
      "optional": [
         {
            "default": null,
            "description": "The time allowed before the recovery link expires.",
            "key": "@EXPIRY@"
         }
      ],
      "required": [
         {
            "description": "The recovery link that is issued to the email recipient.",
            "key": "@PASSWORD_RECOVERY_LINK@"
         },
         {
            "description": "Do not use this macro as it is not or never was supported.",
            "key": "@@SENDER_EMAIL@@"
         },
         {
            "description": "The name of the tenant.",
            "key": "@TENANT@"
         },
         {
            "description": "The user name of the user.",
            "key": "@USERNAME@"
         },
         {
            "description": "The users name.",
            "key": "@USER_FRIENDLY_NAME@"
         }
      ]
   }
}