{
   "contentMaxSize": 100,
   "description": "A Page to get the Unique User Identifier.",
   "id": {
      "component": "authbroker",
      "name": "identitylinking",
      "revision": 1
   },
   "isServiceTemplate": false,
   "parameters": {
      "optional": [
         {
            "default": null,
            "description": "A short one-time password Id the user can use to verifiy they are entering the correct one-time password.",
            "key": "@OTP_CORRELATION_ID@"
         },
         {
            "default": null,
            "description": "The maximum number of times a user will be allowed to attempt to verify a one-time password.",
            "key": "@MAX_TRIES@"
         },
         {
            "default": null,
            "description": "The phone number the one-time password was sent to.",
            "key": "@SENT_TO@"
         },
         {
            "default": null,
            "description": "The time the one-time password was created.",
            "key": "@CREATION_TIME@"
         },
         {
            "default": null,
            "description": "The time the one-time password expires.",
            "key": "@EXPIRY_TIME@"
         },
         {
            "default": null,
            "description": "The number of times a user has attempted to verify a one-time password.",
            "key": "@NUMBER_OF_ATTEMPTS@"
         }
      ],
      "required": [
         {
            "description": "The UID of the one-time password verification record.",
            "key": "@VERIFICATION_ID@"
         }
      ]
   }
}