{
   "contentMaxSize": 100,
   "description": "E-mail sent to user when a password is automatically generated during account provisioning or restore operations.",
   "id": {
      "component": "application_access",
      "name": "email_password_auto_generated",
      "revision": 4
   },
   "isServiceTemplate": false,
   "parameters": {
      "optional": [
         {
            "default": null,
            "description": "The name of the application to which user is entitled to or restored on",
            "key": "@APPLICATION.NAME@"
         },
         {
            "default": null,
            "description": "The name of the user",
            "key": "@USER.NAME@"
         },
         {
            "default": null,
            "description": "The ID of the requestor",
            "key": "@USER.PASSWORD@"
         }
      ],
      "required": [
      ]
   }
}