{
   "contentMaxSize": 100,
   "description": "A Login Page to login via Social Login Provider.",
   "id": {
      "component": "authbroker",
      "name": "social_login",
      "revision": 16
   },
   "isServiceTemplate": false,
   "parameters": {
      "optional": [
         {
            "default": null,
            "description": "The Social Login Provider Id.",
            "key": "@SOCIAL_LOGIN_PROVIDER_ID@"
         },
         {
            "default": null,
            "description": "The Social Login Provider URL.",
            "key": "@SOCIAL_LOGIN_PROVIDER_URL@"
         },
         {
            "default": null,
            "description": "A JSON representation of the id sources to display",
            "key": "@ID_SOURCES@"
         },
         {
            "default": null,
            "description": "A label for non-passwordless signin options",
            "key": "@ALTERNATE_SIGNIN@"
         },
         {
            "default": null,
            "description": "A label for the username input",
            "key": "@USERNAME@"
         },
         {
            "default": null,
            "description": "A label for the password input",
            "key": "@PASSWORD@"
         },
         {
            "default": null,
            "description": "A label for the initial alternate id source drop down",
            "key": "@OPTION_SELECT@"
         },
         {
            "default": null,
            "description": "A label for the cloud directory form submit button",
            "key": "@SIGNIN@"
         },
         {
            "default": null,
            "description": "A label for the forgot password link",
            "key": "@FORGOT_PASSWORD@"
         },
         {
            "default": null,
            "description": "A provided username value to fill in username field.",
            "key": "@LOGIN_HINT@"
         },
         {
            "default": null,
            "description": "The ID of the registered template theme.",
            "key": "@THEME_ID@"
         },
         {
            "default": null,
            "description": "The HTML that contains the header of the web page. This code can be modified by customizing the header.html common template.",
            "key": "@PAGE_HEADER@"
         },
         {
            "default": null,
            "description": "The HTML that contains the footer of the page. This code can be modified by customizing the footer.html common template.",
            "key": "@PAGE_FOOTER@"
         },
         {
            "default": null,
            "description": "The error message that is sent in the request using the 'X-Error-Message' header.",
            "key": "@LOGIN_ERROR_MESSAGE@"
         }
      ],
      "required": [
         {
            "description": "The locale of the current template page.",
            "key": "@LOCALE@"
         }
      ]
   }
}